124279135,AH093E35AXAA
124718994,MWK06CRN1BJ7
124717384,RADS151H
124717083,RADS183H
124717391,RADS183J
124718329,RADS81
124722753,CGBG103G
124717559,CGBG123G
124717573,CGBGE123G
124717230,CGBGE143G
124722760,CGBGE103G
124723187,CGBG81G
124717552,CGBG101G
124717545,CGBG121G
124717538,CGBG143G
124717517,CGREG81H
124722319,CGREG253H
124717216,CGREG183H
124717510,CGREG123H
124717181,CGRADS51H
124717174,CGRADS61H
124717167,CGRADS81H
124718903,DAC5111M
124718917,DAC050MB1GB
124718238,DAC10011E
124718231,DAC12010E
124718672,DAC8011E
124718980,AZ6R06F2A
124355897,AZ6R08F2A
124910948,AZ6R10F2A
124718217,AZ7R08F2A
124718357,AZ7R10F2A
124194953,AZ7R24E7A
124386081,AZ7Y12F2A
124338306,AZ7Y12F7A
124195625,AZ7Y15F2A
124259087,AZ7Y18F7A
124936274,AZER24E7A
124717895,AZEY12F7B
124718679,CP05N10A
124720688,EQ08M11A
124731216,XQ10M10
124718616,CP05G10
124718665,CP05N10
124718210,CP06G10
124599098,CP08F10
124229344,CP08G10
124718364,CP10G10
124718021,CP12G10
124717482,CP18G30
124717461,CP24G30
124721094,EL36N35
124717034,EM18M34
124717027,EM18N34
124718014,EP08G11
124717125,EP24G33
124717468,EQ08N11
124717111,ES12N33
124717132,ES15N33
124722270,SH20M30
124716999,SL24N30
124716810,SL28N30
124721080,SL36N30
124721185,SM15N10
124365837,SM18M30
124717160,SM18N30
124731209,SM21N30
124716803,SM24N30
124717356,SQ06N10
124338320,SS08M10
124717118,SS08N10
124328863,SS10M10
124288676,SS12M10
124717153,SS12N10
124238864,SS14M10
124721269,SS14N10
124721255,SS14N10A
124721178,SS16N30
124195499,UE10C33
124830924,UE12C33
124721290,US10D30
124788735,US08B10A
124717692,US08D10
124749934,US10C30
124720737,US10D10
124406038,US12C10
124396196,US12C30
124608709,US12D10
124720744,US12D30
124720772,US14D30
124720674,UE10D33
124720667,UE12D33
124721171,WE16C33
124720709,WS08C10
124720394,WY09C33
124720387,WS13C30
124416440,WE10C33
124269433,WE13C33
124444265,WE15C33
124717685,CP15G10
124716985,EM24N34
124717678,EP12G33
124717349,EP18G33
124717454,SQ08N10
124716971,SS10N10
124716950,YM18N34
124462444,WS10C10
124720653,WS10C30
124396210,WS12C10
124722529,WS12C10C
124722515,WS12C30
124720373,WS15C30
124720366,WS16C30
124195177,XQ05M10
124195639,XQ08M10
124749906,YS10M10
124717139,YS10N10
124717097,YS12M33
124716929,YS12N33
124716901,WS13C30A
124717930,FRA124ZU1
124718322,FRA104ZU1
124209611,FRA10EHT2
124209681,FRA106HT1
124253144,FRA105BU1
124242595,FAC125P1A
124209604,FRA123KT1
124209597,FRA12EHT2
124253158,FRA125CT1
124209744,FRA126CT1
124209590,FRA123CV1
124209723,FRA14EHT2
124209583,FRA144HT2
124253130,FRA155MT1
124253137,FRA184MT2
124209576,FRA18EMU2
124872350,FAX054P7A
124253151,FRA064AT7
124209569,FRA08EHT1
124209562,FRA08PZU1
124723649,FAC126P1A
124194932,FAH126S2T
124720450,FAH146S2T
124195037,FRA226ST2
124195212,FRA052XT7
124238836,FRA053XT7
124195394,FRA054XT7
124195254,FRA064VU1
124195163,FRA065AT7
124195408,FRA082AT7
124195401,FRA084KT7
124195100,FRA086AT7
124195527,FRA086HT1
124718728,FRA102BT1
124195233,FRA103BT1
124195436,FRA103KT1
124338341,FRA106CV1
124195030,FRA124HT1
124195016,FRA124HT2
124195520,FRA12EZU2
124194883,FRA156MT1
124679066,FRA182MT2
124195471,FRA186MT2
124195156,FRA256ST2
124195366,FRA256SV2
124195457,FRA25ESU2
124195380,FRA296ST2
124209555,FRA106HT2
124209548,FRA062AT7
124195065,AEM14AP
124269447,AJCQ10DCD
124787489,AHH24DQ
124718567,ESA410M
124717951,ESA424K
124718553,ESA408M
124194925,ESA406K
124355883,ESA410K
124249287,ESA412K
124718000,ESA415K
124717958,HTWR10VCK
124717965,HTWR12XCK
124719099,HWF05XCK
124718539,ESA406M
124723943,ESA408K
124370002,ESA418KL
124369995,ESA424KL
124209751,ESA406KL
124233341,ESA408KL
124718511,IWA10KSFP
124718504,IWA10KR
124731923,ITAC10KSA
124720842,ITAC10KSB
124718119,IWA12KSFP
124731916,ITAC12KS
124720583,ITAC14KS
124717622,IWA15KSFP
124717615,IWA18KS
124717293,IWA25KS
124718497,IWA05KSP
124718812,IWA05KM
124718805,IWA06KSP
124747127,IWA08KSFP
124720926,ITAC08KS
124209506,LT103CNR
124209499,LT123CNR
124209492,LT121CNR
124209660,LW1212ER
124209716,LW1212HR
124209667,LW1512ERS
124209485,LW2512ER
124209478,LW7012HR
124209471,LW1012CR
124209464,LT101CNR
124721612,LP6011ER
124723670,LW1511ER
124873757,LW2511ER
124747169,LW8011ER
124328856,LC426HV
124307905,LW1011CR
124195247,LW1012ER
124195296,LW1812ERS
124669826,LW2410HR
124195282,LW6012ER
124195422,LW8012ER
124747148,LT143CNR
124724279,MWK06CRN1BJ7
124718084,MWK10CRN1BJ8
124717811,MWK15CRN1BJ7
124718077,MWJ112CRN1BJ8
124718462,MWK08CRN1BJ8
124718385,MWK10CRN1BI8
124717279,PAC25000
124209709,AFS100RX
124209457,AFS120RX
124718721,AFS85RX
124718973,AFQ60RX
124718308,AFS125RX
124279100,AFS50DX
124195485,AFS60RX
124195324,AFS80RX
124717419,SGTTW12ESEZ
124718266,SGWAC12HCE
124788490,SGTTW10ESE
124718707,SGWAC10ESEC
124718910,SGWAC10ESEF
124718735,SGWAC12ESEF
124718336,SGWAC15ESEC
124717447,SGWAC18HCE
124717944,SGWAC18ESEC
124718448,SGWAC08ESEF
124718042,SGWAC12ESEC
124288683,SGCAC08ESE
124338299,SGTTW09ESE26
124718315,SGTTW09HC26
124249266,SGTTW09HC26
124720807,SGTTW12ESEZ26
124720898,SGTTW12HC26
124717972,SGTTW14HC
124238829,SGWAC06ESEC
124238843,SGWAC08ESEC
124717727,SGWAC10ESE
124718420,SGWAC10ESEC
124452658,SGWAC15ESEC
124307912,SGWAC25HCE
124718749,WA1211S
124718371,WA1511S
124718007,WA1811S
124717979,WA2211S
124717986,WA2511S
124723880,WA6011S
124718882,WA8011S
124718875,SBRAC6KEWG
124718889,SBRAC5KWG
124718623,SYL08CM
124716250,DWE1813B
124716264,DWE1812W
124716061,DWE1814SS
123894842,DW24100B
123894282,DW24100W
123895269,DWT24100B
123895388,DWT24100W
124731153,DWT54100B
124715515,DWT54100W
123912944,SPX5ES55UC
124786852,SHE53TL5UC
124611530,SGV63E03UC
124611523,SHE53T55UC
124611516,SHE53T56UC
124592392,SHP53T55UC
124592385,SHX53T55UC
124611509,SHE53T52UC
124592371,SHV53T53UC
124611502,SHP65T55UC
124592357,SHE65T56UC
124611495,SHX65T55UC
124592343,SHE65T55UC
124592336,SHE65T52UC
124714353,SHX9ER55UC
124731118,SHE68R56UC
124714906,SHE68R52UC
124592329,SHX68T56UC
124592322,SHE68T56UC
124592315,SHE68T55UC
124592308,SHX68T55UC
124592301,SHE68T52UC
124592294,SHX68T52UC
124601786,SHV68T53UC
124611537,SHX4AT55UC
123901100,SHE55M15UC
123912979,SHE55R52UC
123894716,SGE63E06UC
123912993,SHX68R55UC
123894303,SHX98M09UC
123901142,SHX2AR55UC
124714913,SGE63E05UC
123894023,SGE63E15UC
123894513,SHE3AR52UC
123894723,SHE3AR55UC
123894002,SHE3AR56UC
123894359,SHE3AR72UC
123894240,SHE3AR75UC
123894653,SHE3AR76UC
123894695,SHE3ARL2UC
124715914,SHE3ARL5UC
124716047,SHE3ARL6UC
123894394,SHE43P22UC
124715627,SHE43P25UC
124715781,SHE43P26UC
123894058,SHE43R52UC
123893638,SHE43R55UC
123894702,SHE43R56UC
124715641,SHE43RL2UC
124715487,SHE43RL5UC
123894366,SHE43RL6UC
123894779,SHE55M12UC
123895598,SHE55M16UC
123895549,SHE55R55UC
123894100,SHE55R56UC
124267592,SHE68P02UC
123894443,SHE68R55UC
124714976,SHE7ER55UC
124714626,SHE8ER55UC
124714108,SHE9ER55UC
124714871,SHV43P13UC
123894975,SHV43R53UC
123894037,SHV55R53UC
123894093,SHV68R53UC
124714983,SHV7ER53UC
124714101,SHV9ER53UC
124715438,SHX33RL5UC
123894331,SHX3AR52UC
123894401,SHX3AR55UC
123894380,SHX3AR56UC
123894408,SHX3AR72UC
123895052,SHX3AR75UC
123894030,SHX3AR76UC
123894562,SHX43R52UC
123895332,SHX43R55UC
123894086,SHX43R56UC
124185146,SHX45P05UC
123894744,SHX55R52UC
123893694,SHX55R55UC
123893568,SHX55R56UC
123894954,SHX55RL5UC
123893708,SHX68R52UC
123895619,SHX68R56UC
124714969,SHX7ER55UC
124714619,SHX8ER55UC
123894142,SPE5ES55UC
123894590,SPV5ES53UC
124714045,RDW24S
124452434,DDW24S
124714269,RDW24I
124185244,DDW1809W
123895465,DDW1899BLS
123895493,DDW1899WP
124716383,DWP61ES
124714332,DD24DCHTX6V2
124714584,DD24DCHTX6
123924473,DD24SDFTX7
123924466,DD24SHTI7
124237674,DD36SDFTX2
124714605,DD24DDFTX7
123895486,GLDA690PBB
123894226,GLDA690PWW
123894436,GLDA696PSS
124184824,PDWT300R
123900799,GSM1800NBB
123912951,GSM1800NWW
123894324,GSM1860NSS
123895423,DWL3025DBWW
124185181,DWL3225DDBB
124185209,DWL3225SDSS
124185335,DWL4035MCSS
124185237,DWL7075DCWW
124184964,HLDWI02
124795875,LDS5040WW
123901023,LDF7551WW
123901114,LDS5540ST
123901065,LDS5540BB
123901051,LDS5540WW
123895262,LDF6920ST
123893617,LDF7551BB
123895017,LDF7551ST
123895612,LDF7561ST
123920210,LDF7932ST
123895633,LDF8072ST
123894772,LDS4821ST
124715697,LDS5040ST
124715900,LDS4821BB
124716243,MCSCD6W1
124786614,G4286SCVI
124786243,G5675SCVI
124731076,G5175SCVI
124713961,G5705SCI
124714122,G5505SCI
124714402,G4500SCI
123894499,G4270SCVI
123894135,G4275SCVI
123894828,G4570SCVI
123894422,G5570SCVI
123893813,G5575SCVI
123895192,G5975SCVI
123895584,G7856
123913000,DMT400RHW
123901135,DW7933LRABB
123901107,DW7933LRASR
123901093,DW7933LRAWW
123894464,DMT300RFS
123893610,DMT300RFW
123893806,DMT400RHB
123894800,DMT400RHS
123893778,DMT800RHB
123894926,DMT800RHS
123895570,DMT800RHW
124694410,SD9239W
124716425,SD2201S
123920217,DFB450E
123900981,WDF518SAAM
123900792,WDF518SAAB
123900918,WDF518SAAW
123901037,WDF550SAAB
123900911,WDF550SAAS
123900785,WDF550SAAW
123895577,DU018DWTB
123900631,NED4600YQ
123900561,NGD4600YQ
124711553,NGD7300WW
123900176,NED4700YQ
123900127,NGD4700YQ
124712386,D1101IS
124711714,DWRWE33WS
124711364,EIED50LIW
124711000,EIGD50LIW
124712505,EED4400WQ
124711007,DG62T27CW2
124711196,DG62T27GW2
124730880,DE62T27CW2
124711217,DE62T27GW2
124711931,FASG7021NW
124712092,FARE1011MW
124711987,FARG1011MW
124711784,FARG4044MW
124563006,FFLE1011MW
124563013,FFLE2022MW
124711357,FASE7073NW
123912734,FAQE7001LW
123912678,FAQG7001LW
124711973,FAQE7111LW
124327337,FASE7021NW
124184747,FASE7073NA
124711343,FASE7074NA
124711630,FASE7074NW
124730915,FASG7073NA
124711385,FASG7073NR
124711595,FASG7073NW
124711112,FASG7074NA
124711119,FASG7074NR
124711420,FASG7074NW
124710349,FFLG1011MW
124710258,FFLG2022MW
124711042,FASE7073NR
124711098,FASE7074NR
124712225,FAQG7111LW
124712204,GTDP400EMWS
123912664,DCVH480EKWW
123899931,GTDX185EDCC
123899924,GTDX180EDWW
123900029,GTDX185GDCC
123900036,GTDX180GDWW
123912706,GTDP180EDWW
123900281,GTDP180GDWW
123900540,GTDP490EDWS
123900442,GTDP490GDWS
123899917,GTDN550EDWW
123900022,GTDN550GDWW
123900043,GTDS570EDWW
123899910,GTDS570GDWW
123899882,GTDP520EDWW
123899875,GTDP520GDWW
123900470,GTDP280EDWW
123900288,GTDP280GDWW
124647181,GTDP740EDWW
124521692,DBSR463EGWW
124711994,GRDN510GMWS
124711847,GTDL210EDWW
124711623,GTDL210GDWW
124711168,GTDL740GDWW
124336682,GTDP300EMWS
124711434,GTDP740GDWW
124711721,GTDS820EDWS
124711175,GTDS820GDWS
124711154,GTDS825EDMC
124710720,GTDS825GDMC
124711231,GTDS850EDWS
124710685,GTDS850GDWS
124710524,GTDS855EDMC
124710293,GTDS855GDMC
124237667,GTDX200EMWW
124711770,GTDX300GMWS
124712141,GTDX400EDWS
124712134,GTDX400GDWS
124711532,PTDN600GMWT
124711798,PTDN600EMWT
124712498,HLP140E
124711525,HDG5000AW
124712148,HTDP120EDWW
124712085,HTDP120GDWW
124712197,HTDX100EMWW
124712008,HTDX100GMWW
123906147,DLE2250W
123906140,DLG2251W
124711574,DLEX5101W
123900330,DLE4870W
123900617,DLE1101W
123900512,DLG1102W
124709733,DLEX3885C
124710468,DLGX3876W
124710860,DLE2350R
124711245,DLE2350W
124184733,DLE4801W
124710825,DLEX2550W
124710839,DLEX3360W
124710930,DLEX3550W
124710489,DLEX3875W
124710671,DLG2351W
124710342,DLGX2551W
124710818,DLGX3361W
124710461,DLGX5102V
124710237,DLEX3550V
123912755,DLEX3470V
123912699,DLEX3070W
123900456,DLEX3470W
123912720,DLEX3070R
123912727,DLGX3471V
123900379,DLGX3471W
123900232,DLGX3071W
123912692,DLGX3071R
124506992,DLEY1201W
124358809,DLEY1201V
123900001,DLEX6001V
123899847,DLGX6002V
123912748,DLEX5170V
123900568,DLEX5170W
123912713,DLGX5171V
123900477,DLGX5171W
123900225,DLEX2655V
123912762,DLEX2650W
123899840,DLEX2650R
123899987,DLEX4070V
123899826,DLEX4070W
123900463,DLEX8000V
123900302,DLEX8000W
123900372,DLGX8001V
123900204,DLGX8001W
124710895,MEDB850YG
124710202,MED6000XR
124710265,MED6000XG
124710272,MED7000XG
124709726,MGD7000XG
124709824,MED9000YW
124711826,MEDX700XL
124711441,MGDX700XL
124709929,MGD6000XG
124710216,MGD6000XW
124712155,MDE2400AYW
124710384,MED6000AG
124710713,MED6000AW
124184775,MED6000XW
124710748,MED7000AW
124710545,MED7000XW
124710118,MED8000AG
124710419,MED8000AW
124730754,MED9000YG
124184719,MEDB400VQ
124184677,MEDB850WL
124711546,MEDB850YW
124730845,MEDB950YG
124267585,MEDB950YW
124184761,MEDC200XW
124433674,MEDC300XW
124712036,MEDE201YW
124711511,MEDE301YW
124711861,MEDX500XW
124712029,MEDX600XW
124711602,MEDX700AG
124730929,MEDX700XW
124709957,MET3800XW
124710125,MGD7000AG
124709740,MGD8000AG
124710104,MGD8000AW
124730852,MGDB850YG
124730887,MGDB850YW
124710356,MGDB950YG
124710552,MGDB950YW
124712302,MGDC200XW
124711805,MGDC300XW
124711777,MGDE201YW
124711126,MGDX500XL
124711875,MGDX500XW
124711791,MGDX600XW
124711378,MGDX700AG
124711651,MGDX700XW
124709712,MGT3800XW
124710853,MGDE500VW
124711203,MEDE500VW
124730761,MGD9000YG
124184698,T8003
124237660,RED4440VQ
124712239,RGD4640YQ
124709768,DV457EVGSGR
123900554,DV361EWBEWR
123900589,DV365ETBGWR
123900428,DV365GTBGWR
124711266,DV330AEW
124710601,DV331AGW
124710475,DV330AGW
124301332,DV50F9A6EVW
123900274,DV484ETHASU
123900197,DV393ETPARA
123900421,DV393ETPAWR
123900414,DV484ETHAWR
123900120,DV484GTHASU
123900015,DV393GTPARA
123900295,DV393GTPAWR
123900239,DV484GTHAWR
124358823,DV50F9A8EVP
124358816,DV50F9A8EVW
124710482,DV5471AEP
124710048,DV5471AGP
124710363,DV5471AGW
123900148,DV455EVGSWR
123899812,DV455EVGSGR
123900008,DV455GVGSWR
123899805,DV455GVGSGR
124709943,DV511AEW
124711273,DV210AGW
124710559,DV331AER
124711539,DV331AEW
124709992,DV331AGR
124184705,DV422EWHDWR
124709964,DV431AEW
124730908,DV433ETGJWR
124711049,DV433GTGJWR
124710013,DV435ETGJRA
124710370,DV435ETGJWR
124730768,DV435GTGJRA
124710027,DV435GTGJWR
124184803,DV511AER
124710300,DV520AEW
124710160,DV50F9A8GVW
124709950,DV50F9A8GVP
123899721,LTG5243DQ
123908513,WET3300XQ
123908506,WGT3300XQ
123912636,LER3622PQ
123899980,LDR3822PQ
123900169,WED4890XQ
123899791,WGD4890XQ
123900624,WED4800XQ
123900603,WED4900XW
123900575,WGD4800XQ
123900526,WGD4900XW
123900316,WED9550WW
123900267,WGD9550WW
124710454,WED9550WL
124730838,WGD9550WL
123900071,WED5500XW
123900092,WGD5500XW
123899784,WED94HEAC
123899777,WED96HEAU
123900218,WGD94HEAW
123900400,WED5600XW
123900064,WED5700XW
123900260,WGD5600XW
123900141,WGD5700XW
124709663,WGD97HEXL
124709789,WED97HEXL
124710531,WED95HEXW
124710230,WED97HEXW
124709691,WGD97HEXW
123900337,WED5700AC
123900246,WGD5700AC
123900519,WED8600YW
123900323,WGD8600YW
123900365,WED8200YW
123900155,WGD8200YW
123900085,WED8800YC
123899770,WED8800YW
123900057,WGD8800YC
123899763,WGD8800YW
123900358,WGD9151YW
123900449,WED9151YW
123912629,WED9371YW
123912622,WGD9371YW
123899756,WED96HEAC
123900351,WED94HEAW
123899749,WED96HEAW
123899973,WGD96HEAC
123899742,WGD94HEAC
123899735,WGD96HEAU
123899966,WGD96HEAW
124282040,WED70HEBW
124282026,WED86HEBW
124184789,WED4850XQ
124711917,WED5550XW
124711315,WED80HEBW
124710517,WED86HEBC
124710755,WED88HEAW
124710307,WED94HEXL
124709985,WED94HEXR
124710615,WED94HEXW
124709999,WED95HEXL
124184754,WED9750WL
124710846,WED9750WW
124711140,WGD5700XL
124730831,WGD7800XL
124709761,WGD7990XG
124710909,WGD80HEBW
124710286,WGD86HEBC
124710510,WGD86HEBW
124711322,WGD9051YW
124730782,WGD94HEXL
124710944,WGD9550WR
124730747,WGD95HEXL
124709971,WGD95HEXR
123927070,AQF2013TEW
124184334,AQU1613TEW
124184628,ST07G
124709495,CF65
124709467,CF1010
124184523,CF1011PS
124184593,CF1510
123919762,CF2010
124708886,VM302W1
124707696,B24IF70NSP
123921309,DUFM304WDB
123924123,DCF550W1
123919811,DCF700W1
123927105,DCF700W
123919391,DCFM246WDD
123919454,DCFM289WDD
124184432,DUF408WE
123919853,DUF5012WDD
123919881,DUF570WDD
124184460,DUF808WE
123919461,DUFM454WDB
123930514,DUFM505WDB
124184516,DCF401W
124709306,5NTX7
123921288,EI32AF65JS
124184439,E32AF75JPS
124708508,FFTR2126LS
124709425,FFFC05M4NW
123921281,FFU13M3HW
123921253,FFCH13M2MW
124562999,FFU14F5HW
123921246,FFCH15M1NW
123921211,GLFC1526FW
123921204,FCCG151FW
123921295,FFU17M7HW
123921274,FCFS201LFB
123921197,FCCG201FW
124562992,FFU21F5HW
123921267,GLFH21F8HW
123921225,FFC0923DW
123919188,FCCG071FW
123919482,FCCS071FW
123919209,FCCS151FW
123932005,15988
124709432,FFFC07M4NW
123939061,FFH17F7H
124708725,FFH17F7HW
123919160,FFN15M5H
123919447,FFU17F5HW
123919475,FFU21M7HW
123919860,FKFH21F7HW
124184383,FKFU13M2HW
123921218,FGCH20M7LW
123921190,FGCH25M8LW
123926986,GLFH17F8H
124708627,GLFH17F8HW
124708578,GLFH21F8HB
123921260,FPUH19D7LF
124985295,FUF14SVRWW
123921232,FCM25SBWW
123921239,FCM9DTWH
123919370,FCM15PUWW
123919902,FCM5SUWW
124709509,FCM7SUWW
123919923,FUF14DVRWW
123919433,FUF17SVRWW
123924102,FUF21SVRWW
124708795,HUM048EA
124709397,HF09CM10NW
124709460,HNCM035E
123920133,HCM050EC
124709439,HCM071AW
124708739,HUF138PB
124422579,HUM013EA
124709369,LCH0501PW
123919356,KCS070GW
123924207,KCS200GW
123920182,F1051
123919839,FI1051
124709390,MCCF35WBX
124730635,F1801VI
124705981,F1901VI
124705967,F1911VI
124708872,UF150SS
124708837,UF150W
124784444,FS60M
123919468,CF07ES
123919321,FS20L
123924067,FS407L
123919776,FSM50LES
123931935,RF321S
124706744,T18ID80NLP
124706793,T18ID80NRP
124706821,T24IF70NSP
123921183,EH151FXTQ
124358795,EV180NZBQ
123921302,EV200NZTQ
124647174,EV201NZTQ
123930605,EH185FXTQ
123919783,EH225FXTQ
123919748,EV160NZTQ
123931998,EV161FZTQ
123930521,EV161NZTQ
123924214,EV181FZTQ
123939019,EV181NZTQ
123924221,EV188NYWQ
124184530,EV250NXTQ
124647167,EV188NYWS
124174898,AFHR36BLK
123924004,ABB1921WEW
124256105,ABB1924WEB
123890537,ABB1924WES
123891860,ABB1924WEW
123892224,ABB2224WE
123919055,ABB2224WEB
123890544,ABB2224WEW
123907589,AFD2535FES
123891195,BRFB1040
123893540,BRFB1040B
123890733,BRFB1040SL
123892098,BRFB1150L
123892105,BRFB1450L
123899420,B26FT70SNS
123892539,B22CS50SNW
123892497,B22CS80SNS
123892336,B30BB830SS
123913280,B36BT830NS
123899413,B22CS30SNS
123898895,B22CS50SNS
123893400,EF36BNNFSS
123892924,IF36BNNFSF
123898888,EI23BC80KS
123898881,EW23BC85KS
124692856,EI23CS35KS
123899056,EI26SS55GS
123912251,EI27BS26JB
123912244,EI27BS26JW
123912286,EI27BS16JB
123912237,EI27BS16JW
123912412,EI27BS26JS
123898874,EI28BS80KS
123899161,EW28BS85KS
123893288,E23BC68JPS
123891615,E23CS78HP
124175290,EI23BC30KB
123890747,EI23BC30KS
123892315,EI23BC30KW
123913287,EI23BC35KB
123892329,EI23BC60KS
123893120,EI23BC65KS
123891678,EI23CS35KW
124748835,EI23CS55GB
123891034,EI23CS65KS
123892938,EI26SS30JS
123892917,EI27BS16JS
123893127,EI28BS65KS
123891251,EW23BC71IS
123892721,EW23CS85KS
124556930,EW26SS85KS
124748345,EW28BS71IS
123924011,RX216CT4XV2
123898867,FFHT1513LQ
123912615,FFTR1513LW
123898860,FFHT1713LQ
123912552,FFTR1715LB
123898853,FFHT1715LB
123899672,FFTR1715LW
123898846,FFHT1713LW
123898839,FFTR1713LW
123912587,FFHT1817LB
123898902,FFHT1814LM
123912594,FFTR1817LW
123898909,FFHT1814LW
124197732,FFHT1826PS
124407578,FFHT1817PS
123899595,FFHT2117LB
123899434,FFTR2126LM
123912559,FFHT2117LW
123898818,FFHS2313LE
123898811,FFHS2313LP
123898804,FFHS2313LM
123898797,FFSC2323LE
123898937,FFSC2323LP
123912258,FFSC2323LS
124515497,FFHN2740PS
124515490,FFHB2740PS
123898790,FGHN2844LP
123899217,FGHN2844LF
123898783,FPHN2899LF
123898776,FGHB2844LE
123898769,FGHB2844LP
123899644,FGHB2844LF
123899224,FGHB2869LF
123898762,FPHB2899LF
124175031,FFHI2126LB
124352005,FFHS2311LB
123892182,FFHS2322MB
124175199,FFHS2322MM
124174800,FFHS2322MQ
123891139,FFHS2322MS
123890628,FFHS2322MW
123893260,FFHS2611LB
123892609,FFHS2622MH
123891041,FFHS2622MB
123892847,FFHS2622MM
124265107,FFHS2622MQ
123891104,FFHS2622MS
123891181,FFHS2622MW
123891076,FFHT1513LB
123891006,FFHT1513LW
123891685,FFHT1515LW
123892357,FFHT1814LB
123891734,FFHT1816LS
123890558,FFHT1817LS
123893547,FFHT1817LW
123891055,FFHT1826LB
123890607,FFHT1826LK
123891363,FFHT1826LM
123892140,FFHT1826LQ
123893274,FFHT1826LS
123892070,FFHT1826LW
123913266,FFHT2126LS
123891524,FFTR1515LW
123893505,FFTR1814LB
123892126,FFTR1814LM
123891888,FFTR1814LW
123892154,FFTR1817LB
123891671,FFTR2126LB
123893092,FFTR2126LW
124175094,FFUS2613LE
123902451,FFUS2613LM
123893442,FFUS2613LP
123892476,FGHC2345LF
123902458,FGHF2344MF
124432624,FGHF2369ME
123892378,FGHG2344MF
123893225,FGHN2844LE
123893344,FGHS2332LP
124746644,FGHS2342LF
123913259,FGHS2669KE
124747022,FGHT1834K
123892595,FGHT1834KB
123918971,FGHT1844KR
123892455,FGHT2134K
124540431,FGHT2144KF
124641238,FGHT2146KE
124174982,LGUI1849LE
123901751,FGUI1849LF
124174821,FGUI1849LR
123930416,FGUI2149LF
123893267,FGUI2149LP
124245913,FGUN2642LE
124746903,FGUS2632LE
123901296,FGUS2637LE
124245794,FGUS2676L
123911012,FPHF2399MF
123893435,FPHG2399MF
124175157,FPUI2188L
123892525,FPUS2686LF
123891468,FPUS2698LF
124175024,FRT17G4BQ
124175171,FRT18G6JB
124245836,FRT21HS6JB
123902465,FSC23F7DB
124911746,FGHT1832PE
124911739,FGHT1832PP
124407627,FGHT1832PF
123898916,FGHS2332LE
124407620,FGHC2331PF
123912293,FGHF2369MF
124924143,FGHF2366PF
124407585,FGHS2355PF
123912279,FGHC2342LF
123898734,FGUB2642LP
123898727,FGUB2642LF
124387572,FGHS2631PF
124330277,FGHS2655PF
123898720,FGUS2632LP
124299785,FGUS2647LF
123899686,FGUS2642LF
123898930,FGUS2645LF
124377660,FGHB2866PF
124245850,LFHT1817LF
124245843,LGHB2869LF
124175010,LGHC2342LF
124245829,LGUB2642LE
124245822,LGUB2642LF
124245815,LGUB2642LP
124245878,LGUS2642LE
123892588,NFTR18X4L
123893071,NFTR18X4LS
123890719,NFTR18X4LW
123898706,FPHS2386LF
123898699,FPHC2398LF
123899168,GTL12HBDBS
123899175,GTR12HBDWW
123898692,GTN16BBXWW
123898685,GTH16BBXRCC
123898678,GTH16BBXRWW
123898671,GTH16BBXLWW
123898664,GTS16BBSRC
123899077,GTS16BBSRW
123898657,GTR16BBSRW
123912300,GTH17DBDBB
123912216,GTH17JBDBB
123912209,GTK17JCDBS
123912307,GTH17DBDWW
123912342,GTH18GCDCC
123899392,GTH18GBDCC
123912349,GTH18GCDWW
123899357,GSS20GEWWW
123912195,GTH20JBBBB
123912335,GTH20JBBWW
123898643,GDSC0KCXBB
123899028,GBSC0HBXCC
123899014,GBSC0HCXBB
123899035,GBSC0HBXWW
123899021,GBSC0HCXWW
123898636,GTH21KBXBB
123899007,GTL21KBXBS
123898629,GTH21SBXSS
123898622,GTH21SCXSS
123899350,GTH21KCXWW
123899084,CFCP1RKBSS
123898615,GTS22KBPCC
123898608,GTS22KBPBB
123899182,GTS22KBPWW
123898951,GFSF2HCYBB
123912272,GSCF3PGXBB
123898601,GDSL3KCYRL
123912188,GSHF3KGZCC
123912363,GSH25JSDSS
123912482,GSHF6LGBWW
123898594,PSHF6PGZWW
124240222,GNE26GGDBB
123898580,GNE26GMDES
124407592,GNE26GSDSS
124260473,GNE26GGDWW
123899189,GFE27GGDBB
124561564,GFE27GSDSS
123912440,GFE29HGDBB
123899455,GFE29HMDES
123899623,GFE29HSDSS
123912314,GFE29HGDWW
123899469,CFSP5RKBSS
123941322,CSCP5UGX
123893295,CFCP1NIZSS
123892987,CSHS6UGZSS
123891097,GBSC0HBXBB
123891314,GBSL0HCXLLS
123892175,GBSL0HCXRLS
123891517,GDSC0KCXWW
123891125,GDSC3KCYBB
123905188,GDSC3KCYWW
123891118,GDSL0KCXLS
123890621,GDSS0KCXSS
123890600,GFE27GGDWW
123891293,GFSF2HCYWW
123891475,GFSS2HCYSS
123891356,GSCF3PGXWW
123892994,GSCS3PGXSS
123890831,GSH22JGDBB
123892861,GSH22JGDCC
123890481,GSH22JGDWW
123891902,GSH22JSDSS
123893421,GSH25JGDBB
123893001,GSH25JGDCC
123890586,GSH25JGDWW
123891874,GSHF3KGZWW
123892049,GSHF3KGZBB
123891153,GSHF6HGDBB
123891069,GSHF6HGDCC
123892084,GSHF6HGDWW
123891839,GSHF6LGBBB
123891342,GSHS6HGDSS
123918957,GSHS6KGZSS
123905202,GSHS6LGBSS
124432631,GSHS6NGBSS
123892245,GSL22JGDLS
123891937,GSL25JGDLS
123893428,GTH17DBDCC
123893043,GTH17JBDWW
124175129,GTH18CBDRBB
124566583,GTH18CBDRCC
124175122,GTH18CBDRWW
123905223,GTH18CCDBB
123890971,GTH18CCDWW
123891944,GTH18GBDBB
123892707,GTH18GBDWW
123891853,GTH18GCDBB
123891706,GTH18ISDSS
124174975,GTH18LCDBB
124175143,GTH18LCDWW
123891286,GTH20SBBSS
123891573,GTH21KBXCC
123892735,GTH21KBXWW
123891909,GTK17JBDBS
124175136,GTR16BBSRBB
124688341,GTS17JBWWW
124451167,GTS18ABDBB
123892056,GTJ18CBDSA
124510940,GTS21KBX
124175150,GTS21KBXWW
123893337,GTS22SBXSS
124175283,PDCS1NCZ
124313659,PFCF1RKZBB
123892805,PFE29PSDSS
123938984,PFSF0MFZBB
123892196,PFSF2MIYWW
123891895,PFSF2MJYBB
123892147,PFSS2MIYSS
123893253,PFSS2MJYSS
123892490,PFSS5RKZSS
123890985,PFSS6PKXSS
123892665,PGCS1NFZSS
124978092,PGSS5NFZSS
123890488,PGSS5RKZSS
124407571,PFCS1NFCSS
123898552,PGCS1RKZSS
123899399,PFCS1RKZSS
123898545,PFSF2MIYBB
123898538,PFSF2MJYWW
123898531,PSSS3RGZSS
123912174,PSCF3RGXCC
123912167,PSCF3RGXBB
123912160,PSIC3RGXBV
123898524,PTS25LHSBB
123898517,PTS25SHSSS
123898510,PTS25LHSWW
123898503,PFSF5RKZBB
123912153,PSHS6YGZSS
123898944,PSHS6PGZSS
124174926,PFSF6PKXBB
124745349,PFSS0MFZSS
123890999,PSB42YGXSV
123893204,PSB42YSXSS
123890978,PSB48YGXSV
123891608,PSB48YSXSS
123893190,PSCS3RGXSS
123890852,PSCS5RGXSS
123891972,PSDS3YGXSS
123891230,PSDS5YGXSS
123902479,PSIC3RGXWV
124745664,PTS22LHSWW
123891797,PSCF3RGXWW
123901345,PSCF5RGX
123891454,PSHF6PGZBB
123892385,PSHS9PGZSS
123901247,PSSF3RGZWW
124501133,HRF10WNDWW
123899140,HTS17CBDWW
123939880,HTS18BBEWW
123898496,KFFS20EYBL
123899287,KFFS20EYWH
123898489,KBFS20EVBL
123898482,KBFS20EVWH
123898475,KFCS22EVBL
123898468,KFCS22EVW
123912146,KSC23C8EYY
123912139,KSC23C8EYW
123898461,KBFS25EWBL
123898454,KBFS25EWWH
123912132,KFXS25RYMS
123912125,KFXS25RYWH
123898440,KFIS20XVBL
123898433,KFIS20XVWH
123899245,KSRV22FVWH
123924032,KBLO36FTKBRO36FT
123891300,KBRC36FTS
123890691,KBRO36FTX
123918978,KSSC42FT
123912118,KBLS19KTMS
123898426,KBRS19KTBL
123898419,KBRS19KTWH
123898412,KSRV22FVBL
123912111,KBLS22KWMS
123912104,KBRS22KWMS
123912097,KBRS22KWWH
123912090,KBFS22EWBL
123912083,KBFS22EWWH
123899196,KSF26C4XYB
123899147,KFIS29BBBL
124770143,KFIV29PCMS
123892623,KBFS22EWMS
123891804,KBFS25EWMS
123891272,KBRS19KTMS
123893309,KBRS22KWBL
123892007,KFCO22EVBL
123892896,KFCS22EVMS
123890579,KFFS20EYMS
124174961,KFIS20XV
123891755,KFIS27CXBL
123890502,KFIS29BBMS
123891174,KFIS29BBWH
123891167,KFIS29PBMS
123892511,KFXS25RYBL
123905216,KSC23C8EYB
123938991,KSC24C8EYB
123892448,KSC24C8EYP
123890796,KSC24C8EYW
123891209,KSC24C8EYY
123892693,KSF26C4XYW
123891447,KSF26C6XYY
123890670,KSRS22MWMS
123891762,KSRS25MWMS
123891349,KSRV22FVMS
123893169,KSSC36QTS
123892644,KSSC42QVS
123918985,KSSC48QVS
123912076,KFCP22EXMP
123899462,LTC20380ST
123899308,LFX21976ST
123912538,LDC22720SW
123908485,LDC22720ST
123899497,LTC24380SB
123899581,LTC24380ST
123912566,LFX25991ST
123912391,LFX25974SB
123912580,LFX25974ST
123912328,LFX25973ST
123912475,LFX25974SW
123912069,LFX25978SB
123899658,LFX25978ST
123912489,LFX25978SW
123899210,LFC25776SW
123912405,LSC27925SW
123912573,LSC27925ST
123912062,LFX28968SB
123899406,LFX28978SB
123912055,LFX28979SW
123898391,LFX28978SW
123912356,LFX28979ST
123912321,LFX28991ST
123899567,LFX28978ST
123899385,LFX28968SW
124744173,LMX28988ST
123899252,LFX31915ST
123899371,LFX31995ST
123912503,LFX31925SB
123892931,LFC20770SB
123891335,LFC20770ST
123901310,LFC20770SW
123890964,LFC21776ST
123891818,LFC25765SB
123893232,LFC25765ST
123892833,LFC25765SW
123893526,LFX25974
123893134,LFX28968ST
123891265,LFX28978S
124491466,LFX28979SB
123892903,LFX31925ST
123892854,LFX31925SW
123890509,LFX31945ST
123892280,LFX33975ST
124175185,LMX25988ST
124743788,LMX31985ST
124236106,LSC23924SB
123890761,LSC23924ST
123902010,LSC24971ST
123890936,LSC27925SB
123893008,LTC20380SW
123891279,LTC24380SW
124175066,CI1650
124175038,CS1400
123892686,CS1660
123890859,CS2062
124256112,HC1540
123890726,HC2062
123892168,M1BXXGMYB
123926902,M1BXXGMYM
123892420,M1BXXGMYW
123919048,M1TXEGMYB
123890901,M1TXEGMYW
123891811,M9BXXGMYB
123890894,M9BXXGMYM
123890551,M9BXXGMYW
123891398,MBF1953YEB
123890810,MBF1953YEW
123890663,MBF1958XEB
123891461,MBF1958XES
123892371,MBF1958XEW
123891531,MBF2258XEB
123890929,MBL2258XES
123891020,MBR1953YES
123893316,MBR2258XES
123926909,MFD2562KEW
123890824,MFD2562VEM
123938998,MFF2055YEB
123892343,MFF2055YEW
123890656,MFF2258VEW
123893449,MFF2558VEQ
123892462,MFF2558VEM
123931879,MFI2067AEW
123892714,MFI2067AES
123892882,MFI2269VEB
123892259,MFI2665XEB
123892413,MFI2665XEM
123931865,MFI2665XEW
123892217,MFI2670XEB
124175045,MFI2670XEW
123892091,MFT2976AEB
124605286,MSD2559XEM
123891951,MSF22C2EXW
123891965,MSF25C2EXB
124175178,MSF25C2EXM
123890789,KF1811SF
123891720,KF1911VI
123899322,RB195ACBP
123899231,RB195ACPN
123912041,RF197ACBP
123912034,RF197ACPN
123912377,RF197ACRS
123912447,RF197ACWP
123912027,RB215ACBP
123912020,RB215ACPN
123912545,RF217ACBP
123912608,RF217ACPN
123899259,RF221NCTABC
123899364,RF220NCTASP
123899154,RF221NCTASP
123899609,RF221NCTASR
123899546,RF220NCTASR
123899091,RF220NCTAWW
123899532,RSG257AAWP
123899602,RF261BEAEWW
123912524,RF4267HABP
123908492,RF4267HARS
123912510,RF4267HAWP
123898958,RS263TDBP
123899476,RS263TDPN
123899329,RS263TDRS
123912013,RS267TDWP
123899616,RS265TDWP
123899238,RS263TDWP
123899378,RF263BEAESP
123912531,RF263BEAEWW
123899707,RS261MDBP
123912461,RS261MDPN
123899700,RS261MDRS
123899630,RS261MDWP
123898377,RF260BEAESR
123898370,RF260BEAEWW
123899539,RF4287HABP
123899693,RF4287HARS
123899518,RF4287HAWP
123908499,RF4289HARS
123899441,RF293HABP
123912006,RFG29PHDRS
124463963,RF31FMESBSR
124561550,RF31FMEDBSR
123899651,RF323TEDBSR
123912433,RF323TEDBWW
124794132,RF32FMQDBSR
123892301,RB215ACWP
123892679,RF197AC
123891881,RF217ACRS
123890649,RF217ACWP
123892133,RF220NCTABC
123891419,RF221NCTAWW
123892189,RF260BEAEBC
123891412,RF260BEAESP
123890495,RF261BEAEBC
123893554,RF261BEAESP
123892581,RF261BEAESR
124175017,RF263AEWP
124481533,RF263AEBP
124245885,RF263AEPN
124245906,RF263AERS
123891405,RF263BEAEBC
123892434,RF263BEAESR
124174807,RF266AE
123890698,RF267AEPN
123930486,RF267AERS
123893050,RF323TEDBBC
124175108,RF323TEDBWWAA
123891783,RF4287HA
123890635,RFG237AABP
123911026,RFG237AAPN
123892651,RFG237AAWP
124352026,RFG293HABP
123893281,RFG293HARS
123891580,RFG293HAWP
123892427,RFG296HDRS
123892238,RFG296HDWP
123893246,RFG297HDRS
123891062,RS265TDBP
123892546,RS265TDRS
123890782,RS267TDBP
123891664,RS267TDRS
123892889,RSG257AABP
123891132,RSG257AARS
123891013,RSG307AABP
123890740,RSG307AARS
123892553,RSG307AAWP
124226159,RSG309AARS
123926923,T36BB810SS
123899504,WRT111SFAF
123899588,WRT111SFAB
123898979,W4TXNWFWT
123899000,W4TXNWFWQ
123898363,W5TXEWFWB
123898356,W6TXNWFWT
123898349,W6RXNGFWB
123898342,W6RXNGFWS
123898335,W6RXNGFWQ
123898328,W6TXNWFWQ
123898986,W8RXEGMWS
123898321,W8TXNGFWT
123898972,W8RXNGMWB
123898314,W8TXNGFWB
123898965,W8TXNGMWQ
123898307,W8RXNGMWQ
123898300,W8TXNGFWQ
124197690,W8TXNWFWQ
123911999,W8TXEGFYQ
123899343,W8RXEGMWB
123898293,W8TXNWFWB
123898286,W8TXNWMWQ
123899336,GB9FHDXWB
123899483,GB9FHDXWS
123899448,GB9FHDXWQ
123911992,WRT108TFYB
123912398,WRT359SFYB
123899203,WRT359SFYM
123899119,WRF560SFYB
123898279,GI0FSAXVY
123911985,WRT771RWYW
123911978,WRT311SFYT
123912496,WRT311SFYW
123912426,ED2KVEXVB
123899133,ED2FHEXVB
123898272,ED2FHEXVS
123899098,ED2FHEXVQ
123899049,ED2KHAXVT
123899042,ED2KHAXVQ
123899490,GB2FHDXWB
123908478,GB2FHDXWS
123912517,GB2FHDXWQ
123898265,GX2FHDXVB
123898993,GX2FHDXVQ
124590691,WRS322FDAW
124570615,WRS322FDAB
124570608,WRS322FDAM
123911971,GSC25C6EYB
123912468,GSC25C6EYY
123898258,GX5FHDXVB
123898251,GX5FHDXVQ
123912265,GX5FHTXVQ
124357374,WRX735SDBM
123899679,ED5KVEXVQ
124377646,WRS325FDAB
124377625,WRS325FDAW
124280542,WRS325FDAM
123912419,GI6FARXXB
123911964,GSF26C4EXF
123899112,WRS526SIAE
123899266,WRS526SIAH
123899574,WRS537SIAM
123899105,WRS537SIAF
123899273,WRS537SIAW
123911957,GSS30C6EYY
123911950,GSS30C6EYW
123891307,EB9SHKXVQ
124175087,ED2FHEXVT
124501140,ED2GVEXVD
123892021,ED2KHAXVS
123891440,ED2KHAXVB
123893183,ED2KVEXVQ
124256091,ED2KVEXVL
124765145,ED5FHEXVB
123891713,ED5FVGXWS
123891083,ED5KVEXVB
123910977,ED5LHAXWQ
124245871,GB2FHDXWD
123893484,GI6FARXXQ
123891657,GI6FDRXXB
123893302,GI6FDRXXQ
123891650,GI6FDRXXY
123930458,GI7FVCXXQ
124197683,WRS965CIAE
123898237,WRS965CIAM
123898230,WRS965CIAH
123912601,GI6FARXXY
123899427,GSF26C4EXS
123899280,WRF989SDAB
123899126,WRF989SDAW
123891636,GSC25C4EYB
123893029,GSC25C6EYW
123892959,GSF26C4EXB
123892161,GSF26C4EXT
123893351,GSF26C4EXY
123891552,GSS30C6EYB
123890523,GSS30C6EYF
123891090,GX5FHDXVY
123891769,GX5FHTXVY
123893407,GZ25FSRXYY
124372361,W5TXEWFWQ
123891930,W8RXEGMWQ
123892826,W8RXNGMWS
123891384,W8RXNGMWD
123891846,W8TXEWFYB
123893358,W8TXEWFYQ
123891048,W8TXNGMWB
123893197,W8TXNWFWT
123892742,W8TXNWMWB
123892308,WRF560SEYB
123892567,WRF560SEYM
123891258,WRF560SEYW
123892518,WRF560SFYM
123891699,WRF560SFYW
123891111,WRF560SMYB
123892798,WRF560SMYM
123891244,WRF560SMYW
123891587,WRF989SDAE
124744719,WRF989SDAF
123891321,WRF989SDAH
123892441,WRF989SDAM
124746357,WRS342FIAM
123893015,WRS537SIAB
123902493,WRT108TFYW
123893113,WRT111SFAW
123891160,WRT138TFYS
123892812,WRT138TFYW
123892616,WRT311SFYB
123891559,WRT351SFYB
123893085,WRT351SFYF
123892392,WRT351SFYM
123890614,WRT351SFYW
123891426,WRT359SFYF
123890817,WRT571SMYW
124304328,WRT771REYB
123892252,WRT771REYW
123893386,WRT771RWYB
123891027,WRT771RWYM
123891202,WSF26C2EXB
123891825,WSF26C2EXF
123892273,WSF26C2EXW
123890887,WSF26C2EXY
124361749,LE22H067
124235994,32LB30RQ
124245619,50LB45RQ
124235987,LED24B45RQ
124236015,LED42C45RQ
124313575,42LV5500
124878419,LE2420
124878412,LE32D3
124878405,LE39D3
124878398,LE39D2
123902381,LCD4299A
124627119,PLCD2401A
123897859,DX26L100A13
124330172,DX32L200NA14
124367041,DX37L200A12
124197060,DX60D260A13
123897236,ELDFW407R
124196990,ELGFW551RB
123897425,PRO60X5FD
123897502,PRO70X5FD
124626615,LC260EM2
124382658,26MF301BF7
124619678,LE24C2380
123896977,L24B2120
124626202,LE24SCB20BUNDLE
124624053,L24B1180
123896963,LE26B13200
123921057,LE32F2220
123896956,LE39F2280
123896949,LE39D2380
123906056,L42B1180
124619223,ITELE32F2220DAH|1
124618418,LE46F2380
124626160,HL24XD2
123930381,L19B1120
123889991,L22B1120
124626132,L24C1180
123887681,L26B1120
124626832,L32A2120
123887198,L32B1120
124626545,L32D1120
123938949,L32F1120
123886568,L39B2180
124624613,L42C1180
124625572,LC32F2120
123887324,LE19B13200
123887450,LE22B13800
124620259,LE22D3380
123887835,LE24B13800
124620175,LE24C3320
124620161,LE29F2320
123887695,LE32B13200
124619916,LE32D2320
124619720,LE32D32200
124619804,LE32N1620
124619132,LE42F2280
124619552,LE46A2280
123887702,LE46B1381
124618159,LE46C23810
124618782,LE46F2280
124618474,LE50F2280
123888248,LE55B1381
123886778,LEC19B1320
124626790,LEC22B1380
123889557,LEC24B1380
124618593,LE42S605
123897159,LE24V206
124627112,TC24S1W
123897999,NS19LD120A13
123898132,NS19E310A13
124561361,NS19ED200NA14
124445455,NS22E400NA14
123898139,NS24L120A13
123898027,NS24LD100A13
124561431,NS24E400NA14
123898181,NS24E340A13
124280367,NS24E200NA14
124280430,NS24ED200NA14
124367181,NS26E340A13
124280360,NS28E200NA14
124280395,NS28ED200NA14
123898020,NS29LD120A13
123897964,NS32L120A13
123897726,NS32L121A13
124367153,NS32LD120A13
124561403,NS32E400NA14
124445476,NS32D200NA14
123898174,NS32E321A13
123898111,NS32D120A13
123898090,NS32E440A13
124561354,NS39L400NA14
123898041,NS39E480A13
124561445,NS39D400NA14
124561417,NS39E400NA14
123898153,NS39D240A13
123898195,NS39L240A13
123897929,NS42E480A13
123897670,NS42D240A13
123898069,NS42L260A13NS-42L260A13A
124515315,NS46E440NA14
124692779,NS46D400NA14
123897677,NS46E340A13
123897908,NS50L240A13
124609885,NS50E440NA14
124692772,NS50D400NA14
123898118,NS50L260A13
123898104,NS55L260A13
123898048,NS55E480A13A
123897278,NS65D260A13
124627763,LC40IF60CN
123918887,LED19IH50
123901212,LED19IH55D
124619538,LED42IF80
124624494,EM37T
124618229,4399
124617970,JLE42BC3001
124617214,JLE55SP4000
124620364,LT22EM72
124624921,LT46AM73
124624760,JLC47BC3002B
124618488,BC50R
123905048,EM32T
123889683,JLC32BC3002
123889067,JLC37BC3000
124625719,JLC37BC3002B
124625971,JLC37BC3002
123888675,JLC42BC3002
123910956,JLC47BC3000
123887331,JLC47BC3002
123886540,JLE32BC3001
123887093,JLE42BC3500
123886806,JLE47BC3500
124616836,ITEJLE55SP4000DAH|1
124625215,ITEPC2233DBD|1
124622653,26LQ630H
124617991,6946
124619699,2234
124623661,PRT#32LD452B
124622800,DH42LD452B
124622240,PRT#42LD452B
124616416,42PT350C
124622135,DH47LD452B
124621841,47LK451C
124618201,37LT770H
124617949,42LT770H
124617466,47LT770H
124609787,22LN4500
124619433,22LQ630HRB
124619951,E1LG22LN4500
123886743,22LS3500
124626055,ITE10456552THDA|1
123886582,22LV2500
124284966,22LV255C
123898013,24MA31DPU
124620182,24LN4510
124197151,26LN4500
123897824,26LS3500
124623843,26LT670H
124619727,26LV2500
124619923,29LN4510
124197172,32LN5300
124407459,32LN530B
123897943,32LS3410
123887072,32CS460
123887842,32CS560
124622639,32LQ630HRB
124624382,AAC400210456566
123887828,32LD452B
124624424,32LD460
124624914,32LK330
124625544,32LK450
124627931,32LM6200
124624949,32LN5700
123888199,32LS3400
123887429,32LS3450
123887674,32LS349C
124623108,32LT770H
123887240,32LV2400
124619335,32LV2500
123889417,32LV255C
123890348,37CS560
123886799,37LD452B
124621505,37LK450
124622814,AAC400210456575
123889718,37LT560E
124622548,37LT670H
124197102,39LN5300
124561319,42PN4500
124407375,42LN5400
124197158,42LN5700
124318510,42LN5300
123897306,42LD452B
123897572,42LM3400
123887926,42CS560
123889781,42CS570
124617907,E1LG42LA6200
124623941,42LK450
123888864,42LK451C
123890271,42LK520
123889984,42LM3700
123890425,42LM6200
124618117,E1LG42LN5700
123887485,42LS3400
123886575,42LS349C
123889284,42LS5700
123890166,42LT560E
124619090,42LV3500
124245598,42LV4400
123889501,42PA4500
123886379,42PA450C
124615716,42PM4700C
124313498,42PW350
123932817,47LN5400
124299568,47LA6900
124197109,47GA6400
123932782,47LA6200
123897761,47LM6700
123925173,47LN5700
124357101,47LA7400
123897313,47G2
123890005,47CS570
124621442,47GA7900
123890082,47LD452B
124623381,47LK520
123886281,47LM4700
124622492,47LM5800
123888556,47LM7600
123888941,47LM8600
124618390,E1LG47LN5400
124617900,E1LG47LN5700
123888997,47LS4500
123886505,47LS5700
123902353,47LS579C
123888808,47LT560E
123886792,47LV355B
123901912,47LV4400
124618075,47LW5300
124334589,47LW5600
124318503,50LN5400
124367006,50LA6200
124407326,50LN5700
124561298,50PN6500
124617403,E1LG50LA6200
124617865,E1LG50LN5400
124617697,E1LG50LN5700
123889795,50PA4500
123886526,50PA450C
123889305,50PA5500
123888269,50PA6500
123886715,50PM4700
124615359,50PM6700C
124615919,50PM6700
123889046,50PM9700
124616360,50PN4500
124616290,50PT350
124616311,50PV450
123887583,50PV450C
123886218,50PW350
123887961,50PZ750
123889963,50PZ950T
124275306,50PZ950
124554102,55LN5400
124407221,55GA6400
124407214,55LA6900
123925278,55LA6200
124561291,55LN5700
124515357,55GA7900
123925264,55LA7400
123896879,55LM8600
123890474,55G2
124617172,E1LG55LA6200
124622618,55LK520
123889865,55LM4600
123889333,55LM4700
123890460,55LM6200
123888409,55LM9600
124617648,E1LG55LN5400
124617137,E1LG55LN5700
123889473,55LS4500
123902402,55LS460E
123889606,55LS5700
124245654,55LS579C
123890068,55LV355B
124617592,55LW5300
123887464,55LW5600
123889151,55LW6500
124692744,60PN5700
124983720,60LN5710
124561284,60LA6200
124570468,60PN5300
124445399,60PH6700
124616871,E1LG60LA6200
124245668,60LM7200
123890411,60LS5700
123888367,60PA6500
123905034,60PM6700
123887009,60PM9700
124615303,60PV450
123888920,60PZ550
123887968,60PZ750
123888507,60PZ950
124617025,65LM6200
124174254,65LW6500
124619195,ITE22LT560CDAH|1
124618824,ITE26LT560CDAH|1
124624354,39LN5700
124622422,42GA6400
124622898,42LA6200
124622646,ITE42LD452BDAH|1
124616066,ITE42PA450CDAH|1
124621617,47G2_12
124621771,ITE47LD452BDAH|1
124621533,50GA6400
124621246,50LA6900
124624347,50LS4000
124615653,ITE50PA450CDAH|1
124616843,ITE55LS579CDAH|1
124620889,60GA6400
124621043,60LA7400
124620882,60LA8600
124621519,60LN5400
124621540,60LN6150
124620462,84LM9600
124623507,ITEPC2583DBD|1
124622457,B1942LD452B113
124623402,ITEKD6401INGM|1
124621428,ITEPX7080DBD|1
124622856,42LV5500
124618292,47LV5500
124618348,47LW6500
124377275,22LG3DDH
124436824,26LG3DDH
124299547,26LD340H
124570461,42LS3400RB
124561277,42LV555H
124230625,47LM4600
124230618,47LS4600
124330046,LGE47LM67
124318475,47LW5700
124230611,47LM6400
124230604,47LM6200
123911775,LGE47LM64
124230590,55LS4600
123896865,55LV4400
124525150,55LM6400
124197025,55LM7600
123911894,LGE47LS46
124624529,32LD333H
124619244,26LT560C
123886246,32ME402V
123889452,26MF321B
124357094,19MD301B
123920987,19ME402V
123888906,19MD301BF7
124225991,19ME402VF7
124620441,19ME601BF7
123896858,22ME402V
123897369,22MD311B
123888220,22MD311BF7
123890334,22ME402VF7
124620112,22ME601BF7
124619986,24ME403VF7
123897285,26MD311B
124620287,26ME402VF7
124515308,29ME403V
123920980,32MV402X
123886561,32MD311BF7
124620049,32ME402VF7
123901219,32MF301BF7
123886596,37MD350B
124609794,39ME313V
124625551,39MF412BF7
124624340,50MF412BF7
124313512,L75A94
123886932,L75A96
124173862,WD73642
123901898,WD73742
124622415,WD73C12
124173883,WD82642
124174107,WD82742
124174226,WD82C12
124275229,WD92742
124619881,NTD2455
123926846,NT1302
123887856,NT1304
123888815,NT1506
123889074,NTD1351
124173897,NTD1352
123902332,NTD1354
123905062,NTD2252
123905125,NTD2254
123905055,NTD2452
123888724,NX2404L
124624998,232V
124620987,3220HD
123897180,TCL47WT50
123925096,TCL50E60
123897705,TCP65VT50
124622093,ITEPJ9848DBD|1
124620847,ITEPE3219DBD|1
124622030,TH42LRH50U
124623822,TC32LX70
124618047,885170076440
124615940,TC60PU54
123889242,TCL24X5
123888136,TCL32C5
123889172,TCL32E5
123887226,TCL32X5
123890250,TCL37E5
123887044,TCL42E50
123890439,TCL42E5
124618306,TCL42E60
123888171,TCL42ET5
123886960,TCL42U5
123886176,TCL47DT50
123886344,TCL47E50
123890285,TCL47E5
123888703,TCL47ET5
124616675,TCL47WT60
123886463,TCL50EM5
124617543,TCL50EM60
124617361,TCL50ET60
124174121,TCL55DT50
124616990,TCL55DT60
123886204,TCL55E50
123888094,TCL55ET5
124617116,TCL55ET60
123886785,TCL55WT50
124616759,TCL55WT60
124616766,TCL60DT60
124615954,TCP42S60
123890467,TCP50GT50
123888465,TCP50ST50
123902311,TCP50U50
123888227,TCP50UT50
123887275,TCP55GT50
124615947,TCP55S60
124173974,TCP55ST50
123889193,TCP55VT30
123889039,TCP55VT50
123886183,TCP60GT50
124615534,TCP60S60
123887212,TCP60ST50
124615926,TCP60U50
123886631,TCP60UT50
123887618,TCP65GT30
123886988,TCP65GT50
123890054,TCP65ST50
123886323,TCP65VT30
123887604,TH32LRU50
124623696,LTH32LRU5LQ
123918915,TH32LRU5
124622429,BTL5002PJ9848
123890292,TH37LRU50
124622443,LTH37LRU5LQ
123887590,TH37LRU5
124628344,BPJ9849LI
123931823,TH42LRU50
124622877,LTH42LRU5LQ
123918908,TH42LRU5
124407403,TCL32XM6
124197165,TCL32B6
124407333,TCL39EM60
124197137,TCP42X60
123925320,TCP50S60
124357276,TCP50X60
124197130,TCP50ST60
124407270,TCP55VT60
124445490,TCL58E60
124495869,TCP60ZT60
124445504,TCP60VT60
124407438,TCP60ST60
124505515,TCP65ZT60
124456347,TCP65VT60
124289936,TCP65S60
124625138,TC32LEW56
124625579,TCL32C3
124619321,TCL32DT30
124628568,TCL32U3
124625278,TCL32X30
124617305,TCL37DT30
124618684,TCL42D30
124618894,TCL42E30
124618922,TCL42E3
124618705,TCL42U30
124617270,BTL5002KV8949
124616318,TCP46S30
123887170,TCP50GT30
124616332,TCP50S30
124615898,TCP50ST30
124616353,TCP50X3
123890026,TCP55GT30
124615324,TCP55ST30
124615548,TCP55ST60
124615450,BTL5002KV8940
123926825,TCP60GT30
124615877,TCP60S30
123888843,TCP65ST30
124615352,TCP65ST60
123897397,TCP42X5
124626559,TCL24X5A
124615975,TCP55UT50
124620770,CL32PLC67
124620574,CL40PLC67
124620560,CL46PLC67
124620483,CL55PLC67
124620469,CL55PLC67S
124620623,CL46PLC67S
124619475,KV8426
124626727,22PFL3505DF7
124628470,22PFL4907
123887065,26PFL4907F7
124624431,26PFL4907F7
124624431,26PFL4907
124456221,32PFL3506
123897250,32PFL4907
123886316,32PFL3506F7
124625376,ITEGE4432INGM|1
123887800,32PFL4507F7
123889970,32PFL4907F7
124625362,PHILIPS_32PFL3506F7
123897348,22PFL4507F7
123896753,26PFL4507F7
124196948,40PFL3706F7
124618936,40PFL4706DF7
123886855,40PFL4707F7
124619370,40PFL4907
124623297,40PFL5505DF7
123897390,42PFL5907F7
123896746,46PFL5907F7
124625047,46PFL3705DF7
124617998,46PFL3908F7
123886610,46PFL5907
124196941,50PFL3807
123889179,50PFL3707F7
124617746,50PFL3908F7
123889697,50PFL5907
123896739,55PFL5907
123886841,55PFL3907F7
124174205,55PFL4706F7
123886428,55PFL5705DF7
124622114,ITENZ6112DBD|1
124622149,55PFL5907F7
124624417,ITEKV8426DBD|1
124366971,19PFL3505DRB
123896683,26PFL4507F7B
124275334,PLC3708A
123918936,PLED2243A
124626090,PLCDV3213A
124625586,PLCD3903A
123887415,PLDED3257A
124620070,PLED3204A
124619545,PLED4274A
123918880,PLEDV1945A
123888948,32LB30RQ
123888311,50LB45RQ
123889550,LED24B45RQ
123889081,LED42C45RQ
124412814,LED46A55R120Q
123905027,LED52B45RQ
124628897,DECK13DR
124627014,19LA30RQ
124628596,19LB30RQD
124924080,LED22B45RQD
124250470,22LB45RQ
124299512,22LB45RQD
123897789,LED24B45RQD
123897376,26LB33RQ
123897474,26LB30RQD
124625726,26LA30RQD
124570447,LED29B30RQ
124570440,LED29B30RQD
124367132,32LB30RQD
123898083,LED32B30RQD
124626048,32LA45RQ
124626230,32LA30RQ
124624655,32LA30RQD
123897733,LED39B45RQ
124625306,42LA45RQ
124623913,42LB45RQ
124624473,46LA45RQ
124624326,46LB45RQ
124626755,LED24A45RQ
124619860,LED24C45RQ
124618523,LED42C45RQD
124618432,LED46C45RQ
124619160,LED46C55R120Q
124618754,LED55C55R120Q
124367125,22LA45RQD
124561263,LED32B30RQ
124621330,BTL5002PD4982
124617186,ARUN46EH6000F
124616346,PN51E440
124616829,ARUN55EH6000F
124628673,PN59D7000FFA
124615527,PN60E6500EFXZA
124197193,UN19F4000AFXZA
124197200,UN22F5000AFXZA
123889522,T24B350ND
123898076,UN26EH4000FXZA
124366964,LN26B360C5D
124561438,UN29F4000AFXZA
123897691,UN32ES6500FXZA
124299659,UN32F6300AFXZA
124197207,UN32F5500A
123898146,UN32EH4003FXZA
124299505,UN32EH5300F
123897971,UN37EH5000FXZA
123897901,LN40E550F7FXZA
124561382,UN40FH6030FXZA
123898055,UN40EH6000FXZA
124197123,UN40F6300AFXZA
123897922,UN40ES6100
123897614,UN40EH5000FXZA
124407368,UN40F5500A
124197186,UN40EH5300F
123932838,PN43F4500AFXZA
124616507,PN43E440
124570503,UN46FH6030AFXZA
123897852,UN46EH6000FXZA
124270665,UN46F6400AFXZA
124197116,UN46F6300AFXZA
124377436,UN46F7100AFXZA
124280318,UN46F7500AFXZA
124250547,UN46F8000BFXZA
123897257,LN46E550F6FXZA
123897173,UN46ES6580F
123897796,UN46ES7100FXZA
123897684,UN46ES8000FXZA
123897537,UN46ES7500FXZA
123897817,UN46EH5000FXZA
123897894,UN50EH6000FXZA
124407417,UN50F6400AFXZA
123897523,UN50ES6500FXZA
124407291,UN50F6300AFXZA
123897663,UN50ES6100FXZA
124878384,UN50F5500AFXZA
123920777,UN50ES6580
123897838,UN50ES6900FXZA
123897635,UN50EH5000FXZA
123925327,PN51F5300A
124561396,PN51F5500AFXZA
124250568,PN51F8500A
123897593,PN51E7000FFXZA
123897446,PN51E490B4FXZA
123925334,PN51F4500AFXZA
123898160,PN51E450A1FXZA
124561389,UN55FH6030FXZA
124299673,UN55F6400AFXZA
124270651,UN55F6300AFXZA
124270644,UN55F7100AFXZA
123925292,UN55F8000BFXZA
123897551,UN55ES6900FXZA
123896585,UN55ES6580F
123897880,UN55ES6100FXZA
123898097,UN55ES7100FXZA
123897845,UN55ES8000FXZA
123897803,UN55ES7500FXZA
123925306,PN60F5300A
124427248,PN60F8500AFXZA
124407347,UN60F6400AFXZA
123897558,UN60ES6500FXZA
124197088,UN60F6300AFXZA
124407361,UN60F8000BFXZA
124250596,UN60F7100AFXZA
123897747,UN60ES8000FXZA
123897887,PN60E530A3FXZA
123897985,UN60ES6100FXZA
123897740,UN60ES7500FXZA
123897649,PN60E7000FFXZA
123897586,PN60E8000GFXZA
124617669,UN60EH6050RB
124615058,PN64E8000K
124250582,PN64F8500AFXZA
123897481,PN64E7000FFXZA
123897621,PN64E8000GFXZA
123897656,UN65EH6000FXZA
124407340,UN65F6400AFXZA
123897642,UN65ES6500FXZA
124270623,UN65F6300AFXZA
124485936,UN65F8000BFXZA
124445497,UN65F7100AFXZA
123897782,UN65ES8000FXZA
124407305,UN75F6400AFXZA
124692751,UN75F7100AFXZA
123897418,UN75ES9000FXZA
124619307,LT24B350KDAKR
124619139,UN39FH5000
124617844,UN50F5500
124617886,UN46D6450
123888038,H40B
123887947,HE40A
123886946,LN32D403E4DXZA
123888773,LN32D403
124625446,LN32D403E2DXZA
124619888,LN32D450
124618887,LN32D550
124628365,LN40C630
124372235,E3SAMLN40C630
124624690,LN40D503
123886554,LN40D550G1FXZA
124501091,LN40D630
123890110,LN46D550G1FXZA
123888332,LN46D630M3F
124618761,LN46D630
123890222,MD46B
123890264,MD55B
124174212,ME40A
123889207,ME40B
123887597,ME46B
124616325,PN43D450
124616262,PN43D490
123887401,PN43E450A1F
124616241,PN50C490B3DXZA
124616255,PN50C680G5FXZA
124245661,PN51D450A2DXZA
124615891,PN51D450
123888185,PN51D490
123886918,PN51D530
123890117,PN51D530A3FXZA
123887002,PN51D550
123889165,PN51D7000
123888017,PN51D8000
123888353,PN51E450
123888493,PN51E490
123890404,PN51E530
124615933,PN51E550
124275327,PN51E550D1F
123889340,PN51E6500
123888374,PN51E7000
123888416,PN51E8000
124615821,PN59D530
123887975,PN59D550
124615513,PN59D6500
123889382,PN59D7000
123888045,PN59D8000
123887506,PN60E530
123886267,PN60E550D1FXZA
123886169,PN60E6500
124174009,PN60E7000FF
123888024,PN60E8000
124615541,PN60F5500
123888577,PN64D550
123886911,PN64D7000
124615338,PN64D8000FFXZA
123889186,PN64D8000
123889620,PN64E533
124615331,PN64E550
123889032,PN64E550D1F
123889851,PN64E7000
123888402,PN64E8000
124615345,PN64F5300
124615310,PN64F5500
124692730,UN26EH4000RB
124495792,UN32EH4050N
123897509,UN32EH4003
123897453,UN39EH5003FXZA
123908121,LN32D403E2D
123911866,UN40D5005
123897334,LN40E550F7
124197081,UN40EH5050
124270616,UN40ES6150
123897068,UN40EH6000RB
123911523,LN46E550R
124794055,UN46ES6100RB
124197067,UN46D6000
123897222,UN46ES6150
124794048,UN46ES6500RB
123896508,UN46D6900RB
123896494,UN46D6050RB
124197018,UN46D6420RB
124407263,UN50ES6150
124692723,PN51E530RB
124924073,PN51D550RB
123897110,PN51D530RB
124260242,PN51E550RB
124692716,UN55EH6000RB
123896445,UN55EH6050
124230541,UN55ES7150
124924066,UN55D6003RB
124230534,UN55ES6150
124692709,UN55D6900RB
124692702,UN55ES7100RB
123897124,UN55D6000RB
124924052,PN59D8000RB
124924045,PN59D7000RB
123897117,PN59D550RB
124692695,PN60E6500RB
124330004,UN60EH6050
124357045,UN60ES7150
124924031,PN64D8000RB
124196920,PN64D7000RB
124969167,UN65ES6550
123941315,UN46D6000SFXZA
123888612,T23A350
123890103,UN40D5003
124620126,UN19D4000NDXZA
124173911,UN19D4000
123886211,UN19D4003
124620028,UN22D5000
124245633,UN22D5000NFXZC
123902444,UN22D5003
124226005,UN22D5010
124626244,UN26D4003
124173918,UN32D4000
123886953,UN32D4003
124294472,UN32D5500
124619748,UN32EH4000
124481470,UN32EH4000FXZA
123888472,UN32EH5000FXZA
123889480,UN32EH5300FXZA
124619566,UN32F5000
123888241,UN37EH5000F
124619580,UN39EH5003
124623864,UN40D5005BFXZA
124618873,UN40D5500RFXZA
124264995,UN40D6000SFXZA
124618768,UN40D6000
124501105,UN40D6300
124617816,UN40D6400
124617501,UN40D6420UFXZA
123888619,UN40D6500
123886687,UN40EH5000
123889326,UN40EH5300
124618957,UN40EH6030
123886232,UN40ES6003FXZA
123886652,UN40ES6500FXZA
123889347,UN40ES6580
124618964,UN40F5000
124618383,UN40F6400
124575970,UN46C6300SFXZA
123889025,UN46D6300
123889613,UN46D6400
123890187,UN46D6500
124617662,UN46D6900WFXZA
124617851,UN46D7000
123889102,UN46D7900
123887954,UN46D8000
124616822,UN46D8000BUNDLE
123887156,UN46EH5000
124451104,UN46EH5000F
123886757,UN46EH5300
124392654,UN46EH6030
124618355,UN46EH6070
123918943,UN46ES6003
123889809,UN46ES6100FXZA
123887359,UN46ES6500FXZA
123918824,UN46ES6580
124617830,UN46ES6600
123888696,UN46ES7500
123888787,UN46ES8000
124622562,E1SAMUN46F5000
124618124,E2SAMUN46F5000
124618369,UN46F5000
124622142,E1SAMUN46F5500
124617774,E2SAMUN46F5500
124617242,UN46F6800
123886190,UN50EH5300
123889921,UN50EH5300F
124618082,UN50F5000
124617599,UN55C6300
123887205,UN55D6000
124617046,UN55D6300
123905167,UN55D6400
123887737,UN55D6500
123887471,UN55D7000
123890159,UN55D7900
123887114,UN55D8000YFXZA
124617620,E1SAMUN55EH6000
123889368,UN55EH6000FXZA
123888549,UN55EH6030
124617627,UN55EH6030FXZA
124618068,UN55EH6070
124618544,UN55ES6003
123889823,UN55ES6500FXZA
123888129,UN55ES6580
124617144,UN55ES6600
123890453,UN55ES7003FXZA
123886414,UN55ES7500BDE59003D
123886162,UN55ES8000
124617039,UN55F7500
123889158,UN60D6000
123886470,UN60D6400
123907505,UN60D6500
123890446,UN60D7000
123890376,UN60D8000YFXZA
124617004,UN60D8000
123888563,UN60EH6000FXZA
123886659,UN60EH6003FXZA
123889858,UN60ES6003FXZA
123886995,UN60ES6100
123886729,UN60ES6500
123889914,UN60ES7100FXZA
123888388,UN60ES7500HWE45
123889018,UN60ES8000
124616773,UN60F7500
124616556,SAMSUNGUN65D8000
124173869,UN65D8000
124284875,UN65EH6000F
123889844,UN65ES8000
123888192,UN75ES9000
124616528,UN75F8000
124618138,UN46EH5300FXZA
124294423,SLED1980
124620168,SLEDVD228
124625523,HDLCD2650
124624718,HDLCDVD328
124619440,SLED3228
124620056,SANSUISLEDVD226
124626083,HDLCD4050
124624179,HDLCD4650
123887716,HDLCD5050
124626496,ITESUISLED1937SDI|1
124619685,ITESUISLED2237SDI|1
124619692,ITESUISLEDVD226SDI|1
124623003,ITESUIHDLCD4650SDI|1
124544813,SLED2480
124619944,SLED1937
123888934,SLED2237
123905132,SLED2400
124619993,SANSUISLED2480
124620133,SLED2900
124626237,SLED3280
123887408,SLED3900
123888969,SLEDVD197
124619356,SLEDVD329
124617515,496957
123897026,DP32242
124407172,DP32671
124366929,DP39842
123887541,E240CCFHD
123887569,E240LCFHD
123890327,E240RCFHD
123887086,E320BVFHDD
123902430,E320PVFHD
123887387,E420BVF120
123888738,E425BVFHDD
123888031,E465BVFHDD
123889256,X328BVFHD
123888087,X408BVFHD
123887870,X425BVFHD
123890313,X508BVFHD
124620994,AAC400211029138
123897950,LC40LE431U
123897810,LC40LE433U
124617032,LC60LE757U
123897754,LC70LE845U
124616780,LC70LE757U
124621001,LC70LE733URB
124616647,LC80LE650U
124616640,LC80LE757U
124407445,LC32LE450U
124561256,LC40LE550U
124407319,LC50LE650U
124609843,LC50LE442U
123925313,LC60LE650
124407410,LC60LE755U
124270574,LC60LE857U
124609815,LC60LE550U
124299638,LC70LE550U
123925299,LC70LE650
124456354,LC70LE857U
124407424,LC70LE755U
124427241,LC80LE857U
124622772,ITEPT7627DBD|1
124622107,ITEPT7628DBD|1
123889900,LBT422U
124174184,LBT462U
124622632,SHPLBT462U
124351760,LC32LE440U
123887499,LC32SV29U
123886225,LC39LE440U
124624305,LC42D69U
123890355,LC42LE540U
123886498,LC46LE540U
123887219,LC46SV50U
123907547,LC52LE640U
124617613,LC52LE830U
124226012,LC52LE835U
123888892,LC60C8470U
124623584,LC60E69U
123888213,LC60LE600U
124621925,LC60LE6300U
124173820,LC60LE632U
123889270,LC60LE633U
123888444,LC60LE640U
123887513,LC60LE745U
124616927,E2SHLC60LE757U
124618019,LC60LE830U
123887611,LC60LE832U
123886666,LC60LE835U
123887247,LC70LE632U
124174135,LC70LE640U
124173848,LC70LE732U
124616738,LC70LE734U
124174233,LC70LE735U
123888437,LC70LE847U
123889375,LC80LE632U
123888395,LC80LE844U
123888150,LC90LE745U
124197053,LC60C6400U
124230506,LC70LE600U
124230499,LC60C7450U
124407165,LC70C8470U
123896277,LC40LE830U
124481477,NSX40GT1
124197179,KDL40R450A
124561326,KDL47W802A
124515350,KDL55W802A
124561410,KDL60R550A
124427122,KDL70R550A
124549888,KDL32EX520
124617823,KDL32EX720
124173841,KDL40BX420
124625131,KDL40BX450
123888927,KDL40EX520
124618278,KDL40EX620
124617760,KDL40EX640K1
123907491,KDL40EX720B
124618530,KDL40EX720
123907435,KDL46BX420
124618320,KDL46EX520
123941308,46EX720
124621953,KDL46EX720
124617837,KDL46HX800
124617284,KDL46NX700
124174065,KDL55EX620
123888668,KDL55EX720
124616745,KDL55HX820
124617011,KDL60EX720
124620742,XBR65HX929
124174268,KDL32BX300
123888290,KDL32BX330
123887100,KDL32EX340
124481484,KDL32EX720BAEP
124618558,KDL32W650
123889690,E1SNKDL40BX450
124556888,KDL40EX500
123889760,KDL40EX640
124617893,E1KDL40EX640
123888759,KDL42EX440
123887051,KDL46BX450
123938977,KDL46EX521
123887982,KDL46EX640
123888717,KDL46EX645
123887296,KDL46EX729
123889676,KDL46HX729
124621673,S1904619
123886624,KDL46HX750
123889291,KDL46HX820
123886477,KDL46HX850
124618537,KDL46R453A
123886435,KDL50EX645
124617375,KDL50R550A
123888626,KDL55BX520
123890432,KDL55EX640
123890145,KDL55HX729
123888710,KDL55HX750
123888206,KDL55HX850
123890138,KDL55NX720
124616689,KDL55W900A
123887436,KDL60EX645
123889872,KDL46NX720
124616976,KDL60R520A
124236001,KDL65HX729
124618950,NSX32GT1
124616752,NSX46GT1
124230681,KDL32R400A
124561368,KDL32BX320
123897166,KDL32BX310
124878356,KDL46EX523
124173834,XBR46HX929
124174289,XBR55HX929
123889879,XBR55HX950
124481463,XBR55X900A
123889599,XBR65HX950
124481512,XBR65X900A
123886484,SB3220HD
123886883,SB4660HD
124621029,SB4660HDSL
124621106,SB3220HDWH
124620735,SB5560HDSL
124619846,TOSHIBACO23L1350U
124619489,TOSHIBACO29L1350U
124619503,TOSHIBACO32L1350U
124618845,TOSHIBACO39L1350U
124618838,TOSHIBACO39L2300U
124617487,50L5200U
123887723,19L4200U
124620343,19SL410U
123887660,19SLV411U
124407389,23L1350U
123887457,24L4200U
124620224,24SL410U
124620042,24SLV411U
123889130,24V4210U
123918838,24V4260U
124407396,29L1350U
123890278,32C110
124626769,32C110U
123898188,32C120U
124456186,32L4300U
124609759,32L1350U
124570419,32L2300U
124626223,32DT2U
123889137,32L2200U
123888073,32L4200U
123888878,32SL410U
123889536,32SL415U
124289782,39L4300U
124436761,39L2300U
123898062,39L22U
124619391,39L1350U
124624466,40E210U
123890390,40E220U
123886372,40L2200U
123890369,40L5200U
123913217,40SL412U
124617557,42L6200U
123887492,42SL417U
124618341,42TL515U
124623045,46G310U
123890061,46L5200U
124619083,46SL412U
123887548,46SL412
123926818,46SL417U
124544785,TOS47TL515UBX
123897131,47L6200U
123888899,47TL515U
124407312,50L1350U
124407130,50L2300U
124299393,50L4300U
124407123,50L7300U
123887030,50L2200U
123886827,50L5200
124623374,55G310U
123890089,55L6200U
123887443,55L7200U
123889389,55SL412U
124618054,55SL417U
124618061,55TL515U
124617718,55UL610U
124617109,58L7300U
124318349,65L7350U
123890173,65HT2U
124617018,65L7300U
124616563,65UL610U
123896221,47L7200U
124318342,58L7350U
124619426,22265056608
124625089,TOSHIBACO32L2300U
124618670,TOSHIBACO39L4300U
124617641,ITE46L5200UDAH|1
124617179,ITE47L6200UDAH|1
124617410,ETM400147L6200U
124617396,ITE50L5200UDAH|1
124616864,ITE55L6200UDAH|1
124616850,ETM400155L6200U
124645620,TOS19L4200UBX
123897103,19SLV411X
124645417,TOS24L4200UBX
123897096,24SLV411X
123897019,TOS24V421
124645613,32C120UX
123896207,40L5200UBX
124366887,40E210X
123897089,40FT2UX
123897040,TOS46L5200UBX
123911306,TOS46SL41
124495743,TOS46SL417UBX
123896172,TOS50L5200UBX
124196997,50M2U
124495722,TOS55SL412UBX
123896158,TOS55SL417UBX
124794041,TOS55G310
124525073,KLV39150
124627133,KLR19132
123887779,VT1601LED
124625642,ITENV9497DBD|1
123886820,VT1901LED
124626342,1690
123887919,VT2215LED
123886253,VT2755LED
124174058,VT3205LED
123888955,VT3255LED
124173876,VT4236LED
123897264,LE24VF25D
123887646,LC32VH56A
124628057,LC37VF80
123889494,LED19VH50
124367118,E322AR
124407382,E320IA2
123897488,E422VLE
123897495,M420SL
124622072,E3DB420VX
123897439,M3D550KDE
123897565,M3D651SV
124325125,E190VA
123886967,E191VA
123887814,E220MV
123888003,E220VA
124620413,E221A1
123886547,E221VA
123905069,E240AR
124620420,E241A1
124620196,E241IA1W
124620273,E260MV
124628484,E260VA
124173890,E291A1
124620077,E291IA1
123889277,E320A1
123889998,E320AR
124626538,E320VA
123918901,E320VP
124626265,E321VL
123887821,E321VT
123931795,E322VL
124235973,E370VA
124624767,E371VA
123888822,E371VL
124619559,E390IA1
123889935,E390VL
123889767,E3D320VX
123888276,E3D420VX
124623955,E3D470VX
124619573,E420A0
123886736,E420DA0
123886764,E420IA1
123889627,E420VSE
124619104,E420VT
124623920,E421VA
124625124,E421VO
123907449,E470A0
123886449,E470IA0
123905104,E420VA
124624459,E470VA
124623906,E470VL
124623066,E470VLE
123888990,E471VLE
123889396,E472VLE
123889263,E500AR
124618376,E550IA0
124621918,E551VL
124623031,E552VL
124622891,E552VLE
123887352,E701IA3
123897411,E320A0
123897460,E420AR
124197144,E420IA0
123897978,E500IA1
123898034,E601IA3
124620203,E241IA1
124619762,E370A0
124618096,E500DA0
124407431,E551DA0
124620406,M220VA
124619867,M261VP
124619181,M321IA2
124619384,M370NV
124618194,M3D421SR
124627672,M3D460SR
123887079,M3D470KD
124621463,BTL5002NZ5608
124618565,M3D470KDE
123902297,M3D550KD
124618089,M3D550SL
124617935,M3D550SR
123886512,M3D650SV
123886925,M420KD
124174093,M420SV
124618712,M421NV
124618026,M470NV
123887786,M470SL
124627637,M470SV
124617858,M501DA2R
123889816,M550SL
124617795,M550SV
124628722,M551DA2
124617634,M650VSE
124628715,M651DA2
124692765,M551DA2R
124692758,M651DA2R
123895899,E261VA
123896137,E320IA0
124619342,XVT323SV
124619125,XVT373SV
124628302,VR2218
123898006,LD2240
123897936,EW24T8FW
124628491,EW24T7EW
123897698,EW39T6MZ
123897873,UW39T7HW
123897530,CW40T6DW
123897768,CW40T2RW
123897719,UW40T2BW
123897579,UW40T8LW
124619153,DW46F1Y1?
123886722,CW46T9FW
123888066,EW32S3PW
123890341,EW32S5UW
123905097,LD3260
123887863,LD3265
124174030,LD5580Z
123886701,UW32S3PW
124620147,LD2685VX
124620021,LD3255VX
124618173,LD4695
124619146,UW40TC1W
124625684,VR4090
124687557,VR6025Z
124615744,Z60PV220
123904719,NTW4700YQ
123904880,NTW4630YQ
124702698,NTW4600YQ
124702705,NTW4650YQ
124702670,NTW4750YQ
123903704,W6424W
124701312,W6984FI
124778718,W712PS
124702593,W711
123904740,WAS20160UC
123904474,WAE20060UC
124173673,DWDWD1352RC
123903788,DWDWD3011WW
123903550,DWDWD33WS
123904712,EIFLS55IIW
123904698,EWFLS70JIW
124702054,EIFLS55IMB
123904061,EIFLS60JIWWHITEKIT4
123903886,EIFLS60JMB
124702019,EIFLS60LSS
124702383,EIFLW50LIW
123904285,EWFLS70J
123903676,EWFLS70JSS
124702026,EIFLS60JIW
124701291,EIMED60LT
124701291,EPWD15LT
124701291,EIFLS60LT
124173771,WL42T26CW1
123923906,WL42T26DW1
124701949,FAFS4174NR
123904124,FAFS4073NA
123904124,FASE7073NA
123903844,FAFS4073NR
123903830,FAFS4073NW
123903830,FASE7073NW
123903879,FAFS4174NA
123904019,FAFS4174NW
124702425,FAFW3001LW
123904488,FAFW3801LW
123903760,FAFW3921NW
124702558,FAHE1011MW
124702348,FAHE4044MW
123904656,WNRD2050GWC
123904803,GTWP2250DWW
123904187,GCWP1805DCC
123904215,GFWH1400DWW
123903746,GFWS1500DWW
123903837,GFWS3500LWW
123904047,GTUP240EMWW
123904390,GTUP270EMWW
124675860,GTUP270GMWW
124173729,GTWN3000MWS
124173743,GTWN4250MWS
123903725,GTWN4950DWS
124173757,GTWP1000MWW
123904565,GTWP1800DWW
124255923,GTWP2005MCC
123904649,PFWS4600LWW
123904453,PTWN8050MWW
123904418,WCVH4800KWW
123904145,WSLP1500JWW
123904096,WSLS1500JWW
124702712,HLP21N
123904614,HLP23E
124334477,HWD1600BW
124702600,RWT360BW
123907631,WM1355HW
123904761,WM2655HVA
124702180,WM2450HRA
124494700,WT1201CW
124355932,WT1201CV
123904796,WT4870CW
123904691,WT6001HV
123904824,WM8000HVA
124701725,WM3550HVCA
123904705,WM4070HVA
123904642,WM4070HWA
124702208,WT5101HW
123903907,WM2250CW
123904467,WM2350HRC
124702355,WM2350HWC
123904544,WM2550HWCA
123903872,WM2650HRA
123903977,WM2650HWA
123904110,WM3070HRA
123904040,WM3070HWA
124702215,WM3360HVCA
124173792,WM3360HWCA
123903816,WM3455HS
123903564,WM3455HW
123904173,WM3470HVA
123904439,WM3470HWA
124702012,WM3550HWCA
123904341,WM3875HVCA
123904383,WM3987HW
123904432,WM8000HWA
123904152,WT1101CW
124702390,WT5001CW
123903669,WT5070CW
123904299,WT5170HV
123903578,WT5170HW
124702404,MVWC300XW
124702033,MHW6000XW
124701879,MHW7000XG
124701837,MHW6000XR
124702047,MHW7000XW
123903949,MGT3800XW
124675846,MHW6000AW
123907428,MHW6000XG
123903732,MHW7000XR
124675853,MHW8000AW
123903781,MHW9000YG
123904278,MHW9000YW
123903809,MHWC7500YW
124255944,MHWE201YW
123904411,MHWE301YW
123903970,MHWE950WW
123904250,MVWB750YW
124724895,MVWB850WR
123904075,MVWB850YW
123904537,MVWB950YG
123913168,MVWB950YW
123904530,MVWC200XW
123904229,MVWC350AW
124702467,MVWC360AW
123903823,MVWC400XW
123904593,MVWC450XW
123904068,MVWX500XW
124173701,MVWX550XW
123904355,MVWX600XW
123904208,MVWX700AG
123903585,MVWX700XL
124702656,MVWX700XW
124701340,PW6065
123904320,W3033
123904243,W3039
123903655,W3035
123904852,WF361BVBEWR
124195758,WF365BTBGWR
123904726,WF393BTPARA
123904810,WF393BTPAWR
123904873,WF405ATPASUAA
123904859,WF405ATPAWRAA
123904845,WA400PJHDWRAA
123904866,WA422PRHDWRAA
123904831,WA456DRHDWRAA
123904838,WA456DRHDSUAA
123904635,WF455ARGSGR
123904754,WF457ARGSWRAA
123904789,WF457ARGSGRAA
123904768,WA484DSHASU
123904817,WA484DSHAWR
124406059,WA50F9A6DSW
124355939,WA50F9A8DSW
124288711,WA50F9A8DSP
124701585,WF393BTPAWR_DV393ETPAWR
123904362,WA400PJHDWR
123903991,WA422PRHDWR
123904089,WA456DRHDWR
123904572,WA5451ANW
123904404,WA5471ABP
123904117,WA5471ABW
124173799,WF210ANW
124173785,WF231ANW
124173694,WF241ANW
123904131,WF330ANB
123904600,WF330ANW
123904026,WF331ANR
123903697,WF361BVBEWRA1
124701830,WF405ATPAWR
123904551,WF431ABP
124730558,WF435ATGJRA
124702446,WF435ATGJWR
123904502,WF455ARGSWR
123904306,WF457ARGSGR
123903900,WF457ARGSWR
124173715,WF511ABR
123904327,WF511ABW
124520446,WF520ABP
123904446,AWN412S
123903613,AWN432S
123904313,AWN542
123904733,WTW4880AW
124701844,WFW97HEXW
123904775,WTW5700AC
123904747,WTW5700XW
123907638,WFW9550WW
123904670,WFW96HEAU
123904782,WFW94HEAW
123904684,WFW96HEAC
123904677,WFW96HEAW
124702453,WFW9550WL
124702194,WFW9750WW
124701865,WFW94HEXW
123903942,LTE5243DQ
123903963,LTG5243DQ
123904509,WET3300XQ
123904264,WFC7500VW
123903571,WFW9151YW
123903739,WFW9351YW
124173778,WFW94HEAC
123904558,WFW94HEXR
124701795,WFW94HEXL
123904376,WFW95HEXL
124701823,WFW95HEXW
123903998,WFW9750WR
124701921,WFW9750WL
123904516,WFW97HEXL
123904103,WGT3300XQ
123904271,WTW4800XQ
123903718,WTW4850XQ
124702684,WTW4900AW
123903865,WTW4950XW
123903858,WTW5500XW
123903557,WTW5550XW
123904425,WTW5600XW
124173764,WTW5700XL
123904369,WTW8200YW
123904082,WTW8600YW
123903921,WTW8800YC
123903795,WTW8800YW
